{"mean":{"confidence_interval":{"confidence_level":0.95,"lower_bound":4696978.077272724,"upper_bound":4791271.861818182},"point_estimate":4744333.15181818,"standard_error":23856.22811269581},"median":{"confidence_interval":{"confidence_level":0.95,"lower_bound":4675484.909090909,"upper_bound":4809013.2727272725},"point_estimate":4742939.409090909,"standard_error":33956.72979600127},"median_abs_dev":{"confidence_interval":{"confidence_level":0.95,"lower_bound":183157.23337558133,"upper_bound":286754.3193056847},"point_estimate":215069.6586817503,"standard_error":27059.469961344683},"slope":null,"std_dev":{"confidence_interval":{"confidence_level":0.95,"lower_bound":204332.6709222486,"upper_bound":272728.9446539062},"point_estimate":239921.1945217432,"standard_error":17584.69827008389}}