{"mean":{"confidence_interval":{"confidence_level":0.95,"lower_bound":65364859.61,"upper_bound":66192639.17},"point_estimate":65780979.18,"standard_error":211872.36884823558},"median":{"confidence_interval":{"confidence_level":0.95,"lower_bound":65542625.0,"upper_bound":66385584.0},"point_estimate":65943500.5,"standard_error":214528.15912944576},"median_abs_dev":{"confidence_interval":{"confidence_level":0.95,"lower_bound":1204643.6132133007,"upper_bound":2349488.780388236},"point_estimate":1586011.3218426704,"standard_error":295485.2370676436},"slope":null,"std_dev":{"confidence_interval":{"confidence_level":0.95,"lower_bound":1793502.0498986272,"upper_bound":2444384.7337239687},"point_estimate":2131353.6034843223,"standard_error":166151.12490528933}}