{"mean":{"confidence_interval":{"confidence_level":0.95,"lower_bound":-0.009882574616308482,"upper_bound":0.031140105479644603},"point_estimate":0.00809410504706598,"standard_error":0.010431333324318781},"median":{"confidence_interval":{"confidence_level":0.95,"lower_bound":-0.017297202625752482,"upper_bound":0.014030299706006},"point_estimate":-0.001970230064561096,"standard_error":0.007921348192262197}}