{"mean":{"confidence_interval":{"confidence_level":0.95,"lower_bound":-0.012678543233269697,"upper_bound":0.019774896195229867},"point_estimate":0.002801223544949716,"standard_error":0.008262442444521928},"median":{"confidence_interval":{"confidence_level":0.95,"lower_bound":-0.01472935516271523,"upper_bound":0.01825545151124275},"point_estimate":0.0006917065538853961,"standard_error":0.008272642672441967}}