{"mean":{"confidence_interval":{"confidence_level":0.95,"lower_bound":4710495.582727271,"upper_bound":4867186.687386361},"point_estimate":4782734.282727274,"standard_error":40084.66192147357},"median":{"confidence_interval":{"confidence_level":0.95,"lower_bound":4697166.681818182,"upper_bound":4757482.954545455},"point_estimate":4733594.727272727,"standard_error":16236.640695806305},"median_abs_dev":{"confidence_interval":{"confidence_level":0.95,"lower_bound":183516.48588170277,"upper_bound":334163.4102401406},"point_estimate":263753.9961901569,"standard_error":39642.17987659199},"slope":null,"std_dev":{"confidence_interval":{"confidence_level":0.95,"lower_bound":247781.6320889895,"upper_bound":575500.9780389508},"point_estimate":403891.0879442715,"standard_error":93219.05940334227}}