{"mean":{"confidence_interval":{"confidence_level":0.95,"lower_bound":7.9278343663402415,"upper_bound":8.429585815149846},"point_estimate":8.189877796041698,"standard_error":0.1283651462915352},"median":{"confidence_interval":{"confidence_level":0.95,"lower_bound":8.362161732135872,"upper_bound":8.714849859900697},"point_estimate":8.544410465515071,"standard_error":0.09468323278243185}}